Program,Execution Time
sample_program,0.753596,0.000204,0.000190
sample_program,0.734110,0.000187,0.000123
sample_program,0.711719,0.000185,0.000110
sample_program,0.701731,0.000178,0.000110
sample_program,0.729869,0.000184,0.000110
sample_program,0.711279,0.000178,0.000110
sample_program,0.722036,0.000181,0.000112
sample_program,0.701106,0.000180,0.000110
sample_program,0.697627,0.000182,0.000108
sample_program,0.721864,0.000207,0.000156
